-- Insert Sample Data

INSERT INTO Stations (station_id, station_name, city) VALUES
(1, 'Chennai Egmore', 'Mumbai'),
(2, 'Coimbatore Junction', 'Bangalore'),
(3, 'Madurai Junction', 'Delhi'),
(4, 'Tiruchirappalli Junction', 'Chennai'),
(5, 'Salem Junction', 'Chennai'),
(6, 'Erode Junction', 'Chennai'),
(7, 'Tambaram', 'Trivandrum'),
(8, 'Villupuram Junction', 'Trivandrum'),
(9, 'Katpadi Junction', 'Bangalore'),
(10, 'Dindigul Junction', 'Delhi'),
(11, 'Karur Junction', 'Mumbai'),
(12, 'Nagercoil Junction', 'Delhi'),
(13, 'Thanjavur Junction', 'Trivandrum'),
(14, 'Chengalpattu Junction', 'Bangalore'),
(15, 'Arakkonam Junction', 'Chennai'),
(16, 'Kanyakumari', 'Bangalore'),
(17, 'Rameswaram', 'Chennai'),
(18, 'Royapuram Chennai', 'Bangalore'),
(19, 'Central Railway Station', 'Mumbai'),
(20, 'Karaikudi Junction', 'Mumbai');

select * from Stations;

INSERT INTO Trains (train_id, train_name, source_station_id, destination_station_id, departure_time, arrival_time) VALUES
(1, 'Tamil Nadu Express', 14, 6, '07:42:00', '05:54:00'),
(2, 'Kovai Express', 2, 4, '02:45:00', '21:20:00'),
(3, 'Vaigai Express', 17, 7, '11:41:00', '13:38:00'),
(4, 'Pallavan Express', 11, 17, '20:53:00', '07:02:00'),
(5, 'Rockfort Express', 19, 14, '16:54:00', '11:21:00'),
(6, 'Nellai Express', 17, 5, '19:12:00', '10:17:00'),
(7, 'Pothigai Express', 10, 15, '23:44:00', '15:23:00'),
(8, 'Vaigai Express', 9, 3, '06:09:00', '00:09:00'),
(9, 'Cholan Express', 12, 18, '06:27:00', '20:26:00'),
(10, 'Cheran Express', 8, 10, '23:03:00', '22:46:00'),
(11, 'Kanyakumari Express', 19, 8, '23:27:00', '17:49:00'),
(12, 'Pandian Superfast Express', 20, 4, '02:46:00', '01:58:00'),
(13, 'Pearl City', 4, 9, '04:19:00', '15:40:00'),
(14, 'Velankanni Express', 5, 17, '01:22:00', '04:52:00'),
(15, 'Rameswaram Chennai Egmore Express', 7, 16, '08:18:00', '08:37:00'),
(16, 'Mannargudi Chennai Egmore Express', 12, 13, '10:27:00', '20:25:00'),
(17, 'Tejas Express', 15, 12, '03:52:00', '05:28:00'),
(18, 'Nilgiri Express', 2, 6, '04:48:00', '09:56:00'),
(19, 'Vivek Express', 18, 18, '08:19:00', '09:54:00'),
(20, 'Silambu Express', 20, 17, '06:06:00', '09:49:00');

select * from Trains;

INSERT INTO Passengers (passenger_id, name, age, gender) VALUES
(1, 'Alice Smith', 28, 'Female'),
(2, 'Bob Johnson', 45, 'Male'),
(3, 'Carol White', 34, 'Female'),
(4, 'David Brown', 52, 'Male'),
(5, 'Eve Davis', 19, 'Female'),
(6, 'Frank Green', 67, 'Male'),
(7, 'Grace Hall', 22, 'Female'),
(8, 'Henry King', 39, 'Male'),
(9, 'Ivy Lee', 31, 'Female'),
(10, 'Jack Miller', 58, 'Male'),
(11, 'Karen Scott', 25, 'Female'),
(12, 'Liam Taylor', 70, 'Male'),
(13, 'Mia Adams', 41, 'Female'),
(14, 'Noah Baker', 29, 'Male'),
(15, 'Olivia Clark', 36, 'Female'),
(16, 'Peter Lewis', 63, 'Male'),
(17, 'Quinn Moore', 21, 'Female'),
(18, 'Ryan Nelson', 48, 'Male'),
(19, 'Sophia Parker', 33, 'Female'),
(20, 'Thomas Roberts', 55, 'Male'),
(21, 'Ursula Stone', 27, 'Female'),
(22, 'Victor Turner', 42, 'Male'),
(23, 'Wendy Young', 30, 'Female'),
(24, 'Xavier Wright', 60, 'Male'),
(25, 'Yara Evans', 23, 'Female'),
(26, 'Zane Walker', 37, 'Male'),
(27, 'Amy Garcia', 49, 'Female'),
(28, 'Ben Harris', 26, 'Male'),
(29, 'Chloe Martin', 53, 'Female'),
(30, 'Daniel Perez', 32, 'Male'),
(31, 'Ella Thompson', 68, 'Female'),
(32, 'Finn Watson', 20, 'Male'),
(33, 'Gina Adams', 44, 'Female'),
(34, 'Harry Brooks', 50, 'Male'),
(35, 'Isabel Kelly', 35, 'Female'),
(36, 'Jake Phillips', 57, 'Male'),
(37, 'Kira Rodriguez', 29, 'Female'),
(38, 'Leo Sanchez', 65, 'Male'),
(39, 'Megan Thomas', 24, 'Female'),
(40, 'Nathan White', 46, 'Male'),
(41, 'Phoebe Wright', 38, 'Female'),
(42, 'Oscar Young', 51, 'Male'),
(43, 'Rachel King', 30, 'Female'),
(44, 'Sam Baker', 59, 'Male'),
(45, 'Tina Davis', 40, 'Female'),
(46, 'Ulysses Green', 62, 'Male'),
(47, 'Violet Hall', 26, 'Female'),
(48, 'William Lee', 47, 'Male'),
(49, 'Zara Miller', 33, 'Female'),
(50, 'Arthur Bell', 72, 'Male'),
(51, 'Brenda Clark', 27, 'Female'),
(52, 'Chris Evans', 43, 'Male'),
(53, 'Diana Foster', 31, 'Female'),
(54, 'Edward Gray', 54, 'Male'),
(55, 'Fiona Hayes', 22, 'Female'),
(56, 'George Hill', 61, 'Male'),
(57, 'Hannah Lewis', 36, 'Female'),
(58, 'Isaac Miller', 49, 'Male'),
(59, 'Julia Moore', 28, 'Female'),
(60, 'Kevin Nelson', 66, 'Male'),
(61, 'Laura Parker', 34, 'Female'),
(62, 'Mark Roberts', 56, 'Male'),
(63, 'Nancy Scott', 25, 'Female'),
(64, 'Oliver Taylor', 71, 'Male'),
(65, 'Pamela White', 41, 'Female'),
(66, 'Quentin Young', 20, 'Male'),
(67, 'Rebecca Adams', 39, 'Female'),
(68, 'Steve Baker', 52, 'Male'),
(69, 'Tracy Brown', 30, 'Female'),
(70, 'Andrew Carter', 64, 'Male'),
(71, 'Bethany Davis', 23, 'Female'),
(72, 'Caleb Edwards', 45, 'Male'),
(73, 'Danielle Fox', 32, 'Female'),
(74, 'Eric Gibson', 58, 'Male'),
(75, 'Felicity Hayes', 29, 'Female'),
(76, 'Gavin Hunt', 60, 'Male'),
(77, 'Holly Jones', 37, 'Female'),
(78, 'Ian Kim', 50, 'Male'),
(79, 'Jenna Long', 24, 'Female'),
(80, 'Kyle Martinez', 69, 'Male'),
(81, 'Lisa Perez', 35, 'Female'),
(82, 'Michael Ross', 42, 'Male'),
(83, 'Nicole Shaw', 26, 'Female'),
(84, 'Paul Thomas', 63, 'Male'),
(85, 'Rosemary Vance', 38, 'Female'),
(86, 'Simon Ward', 55, 'Male'),
(87, 'Teresa White', 27, 'Female'),
(88, 'Adam Wilson', 48, 'Male'),
(89, 'Brittany Young', 31, 'Female'),
(90, 'Christian Adams', 53, 'Male'),
(91, 'Deborah Brown', 40, 'Female'),
(92, 'Eugene Carter', 57, 'Male'),
(93, 'Frances Davis', 25, 'Female'),
(94, 'Gregory Evans', 62, 'Male'),
(95, 'Heather Foster', 33, 'Female'),
(96, 'Ivan Gray', 51, 'Male'),
(97, 'Jessica Hall', 29, 'Female'),
(98, 'Kenneth King', 67, 'Male'),
(99, 'Linda Lee', 36, 'Female'),
(100, 'Matthew Miller', 44, 'Male');

select * from Passengers;

INSERT INTO Tickets (ticket_id, passenger_id, train_id, travel_date, seat_class, booking_time) VALUES
(1, 37, 6, '2025-08-20', 'Sleeper', '2025-08-02 16:03:33'),
(2, 8, 14, '2025-08-15', 'First Class', '2025-08-02 16:03:33'),
(3, 81, 8, '2025-08-14', 'Sleeper', '2025-08-02 16:03:33'),
(4, 10, 20, '2025-08-11', 'Sleeper', '2025-08-02 16:03:33'),
(5, 24, 2, '2025-08-14', 'Sleeper', '2025-08-02 16:03:33'),
(6, 82, 13, '2025-08-02', 'First Class', '2025-08-02 16:03:33'),
(7, 70, 4, '2025-08-28', 'AC', '2025-08-02 16:03:33'),
(8, 27, 3, '2025-08-27', 'AC', '2025-08-02 16:03:33'),
(9, 89, 10, '2025-08-18', 'First Class', '2025-08-02 16:03:33'),
(10, 71, 9, '2025-08-11', 'First Class', '2025-08-02 16:03:33'),
(11, 34, 11, '2025-08-15', 'AC', '2025-08-02 16:03:33'),
(12, 98, 18, '2025-08-04', 'First Class', '2025-08-02 16:03:33'),
(13, 22, 7, '2025-08-27', 'First Class', '2025-08-02 16:03:33'),
(14, 21, 12, '2025-08-30', 'Sleeper', '2025-08-02 16:03:33'),
(15, 82, 15, '2025-08-22', 'Sleeper', '2025-08-02 16:03:33'),
(16, 91, 9, '2025-08-11', 'First Class', '2025-08-02 16:03:33'),
(17, 90, 11, '2025-08-14', 'AC', '2025-08-02 16:03:33'),
(18, 93, 12, '2025-08-16', 'Sleeper', '2025-08-02 16:03:33'),
(19, 87, 7, '2025-08-20', 'AC', '2025-08-02 16:03:33'),
(20, 24, 10, '2025-08-17', 'First Class', '2025-08-02 16:03:33'),
(21, 86, 8, '2025-08-15', 'AC', '2025-08-02 16:03:33'),
(22, 9, 6, '2025-08-17', 'AC', '2025-08-02 16:03:33'),
(23, 84, 16, '2025-08-13', 'Sleeper', '2025-08-02 16:03:33'),
(24, 58, 3, '2025-08-29', 'AC', '2025-08-02 16:03:33'),
(25, 42, 3, '2025-08-01', 'AC', '2025-08-02 16:03:33'),
(26, 21, 2, '2025-08-17', 'First Class', '2025-08-02 16:03:33'),
(27, 66, 20, '2025-08-28', 'Sleeper', '2025-08-02 16:03:33'),
(28, 15, 3, '2025-08-19', 'AC', '2025-08-02 16:03:33'),
(29, 93, 9, '2025-08-15', 'Sleeper', '2025-08-02 16:03:33'),
(30, 48, 1, '2025-08-18', 'AC', '2025-08-02 16:03:33'),
(31, 86, 18, '2025-08-14', 'Sleeper', '2025-08-02 16:03:33'),
(32, 49, 9, '2025-08-26', 'Sleeper', '2025-08-02 16:03:33'),
(33, 60, 15, '2025-08-18', 'First Class', '2025-08-02 16:03:33'),
(34, 28, 20, '2025-08-21', 'Sleeper', '2025-08-02 16:03:33'),
(35, 44, 19, '2025-08-30', 'First Class', '2025-08-02 16:03:33'),
(36, 83, 14, '2025-08-15', 'AC', '2025-08-02 16:03:33'),
(37, 46, 12, '2025-08-18', 'AC', '2025-08-02 16:03:33'),
(38, 70, 17, '2025-08-18', 'Sleeper', '2025-08-02 16:03:33'),
(39, 97, 9, '2025-08-02', 'Sleeper', '2025-08-02 16:03:33'),
(40, 6, 2, '2025-08-12', 'Sleeper', '2025-08-02 16:03:33'),
(41, 14, 12, '2025-08-20', 'Sleeper', '2025-08-02 16:03:33'),
(42, 9, 19, '2025-08-26', 'Sleeper', '2025-08-02 16:03:33'),
(43, 69, 4, '2025-08-01', 'First Class', '2025-08-02 16:03:33'),
(44, 74, 4, '2025-08-21', 'First Class', '2025-08-02 16:03:33'),
(45, 64, 17, '2025-08-14', 'AC', '2025-08-02 16:03:33'),
(46, 2, 9, '2025-08-19', 'AC', '2025-08-02 16:03:33'),
(47, 4, 10, '2025-08-02', 'First Class', '2025-08-02 16:03:33'),
(48, 61, 12, '2025-08-11', 'Sleeper', '2025-08-02 16:03:33'),
(49, 71, 20, '2025-08-16', 'Sleeper', '2025-08-02 16:03:33'),
(50, 89, 9, '2025-08-01', 'First Class', '2025-08-02 16:03:33'),
(51, 64, 4, '2025-08-19', 'AC', '2025-08-02 16:03:33'),
(52, 96, 10, '2025-08-25', 'AC', '2025-08-02 16:03:33'),
(53, 3, 5, '2025-08-01', 'First Class', '2025-08-02 16:03:33'),
(54, 93, 9, '2025-08-09', 'First Class', '2025-08-02 16:03:33'),
(55, 80, 3, '2025-08-20', 'First Class', '2025-08-02 16:03:33'),
(56, 93, 9, '2025-08-09', 'Sleeper', '2025-08-02 16:03:33'),
(57, 2, 5, '2025-08-01', 'AC', '2025-08-02 16:03:33'),
(58, 5, 2, '2025-08-13', 'AC', '2025-08-02 16:03:33'),
(59, 94, 17, '2025-08-23', 'AC', '2025-08-02 16:03:33'),
(60, 62, 9, '2025-08-07', 'Sleeper', '2025-08-02 16:03:33'),
(61, 37, 10, '2025-08-15', 'Sleeper', '2025-08-02 16:03:33'),
(62, 20, 7, '2025-08-28', 'First Class', '2025-08-02 16:03:33'),
(63, 55, 3, '2025-08-05', 'First Class', '2025-08-02 16:03:33'),
(64, 87, 17, '2025-08-26', 'Sleeper', '2025-08-02 16:03:33'),
(65, 39, 20, '2025-08-08', 'AC', '2025-08-02 16:03:33'),
(66, 77, 17, '2025-08-15', 'Sleeper', '2025-08-02 16:03:33'),
(67, 5, 20, '2025-08-19', 'First Class', '2025-08-02 16:03:33'),
(68, 3, 3, '2025-08-12', 'AC', '2025-08-02 16:03:33'),
(69, 51, 2, '2025-08-07', 'AC', '2025-08-02 16:03:33'),
(70, 48, 11, '2025-08-13', 'Sleeper', '2025-08-02 16:03:33'),
(71, 52, 14, '2025-08-18', 'AC', '2025-08-02 16:03:33'),
(72, 50, 1, '2025-08-04', 'First Class', '2025-08-02 16:03:33'),
(73, 48, 13, '2025-08-29', 'AC', '2025-08-02 16:03:33'),
(74, 30, 8, '2025-08-27', 'AC', '2025-08-02 16:03:33'),
(75, 24, 13, '2025-08-11', 'AC', '2025-08-02 16:03:33'),
(76, 63, 2, '2025-08-23', 'AC', '2025-08-02 16:03:33'),
(77, 3, 8, '2025-08-11', 'First Class', '2025-08-02 16:03:33'),
(78, 43, 18, '2025-08-05', 'First Class', '2025-08-02 16:03:33'),
(79, 64, 8, '2025-08-05', 'Sleeper', '2025-08-02 16:03:33'),
(80, 37, 1, '2025-08-26', 'Sleeper', '2025-08-02 16:03:33'),
(81, 40, 5, '2025-08-17', 'First Class', '2025-08-02 16:03:33'),
(82, 20, 17, '2025-08-30', 'AC', '2025-08-02 16:03:33'),
(83, 74, 20, '2025-08-18', 'Sleeper', '2025-08-02 16:03:33'),
(84, 45, 4, '2025-08-31', 'Sleeper', '2025-08-02 16:03:33'),
(85, 77, 12, '2025-08-11', 'AC', '2025-08-02 16:03:33'),
(86, 18, 9, '2025-08-14', 'First Class', '2025-08-02 16:03:33'),
(87, 60, 3, '2025-08-22', 'First Class', '2025-08-02 16:03:33'),
(88, 29, 7, '2025-08-07', 'First Class', '2025-08-02 16:03:33'),
(89, 54, 12, '2025-08-13', 'AC', '2025-08-02 16:03:33'),
(90, 74, 2, '2025-08-03', 'AC', '2025-08-02 16:03:33'),
(91, 85, 5, '2025-08-14', 'Sleeper', '2025-08-02 16:03:33'),
(92, 6, 18, '2025-08-07', 'First Class', '2025-08-02 16:03:33'),
(93, 87, 19, '2025-08-10', 'AC', '2025-08-02 16:03:33'),
(94, 42, 18, '2025-08-01', 'First Class', '2025-08-02 16:03:33'),
(95, 80, 7, '2025-08-19', 'Sleeper', '2025-08-02 16:03:33'),
(96, 2, 7, '2025-08-28', 'First Class', '2025-08-02 16:03:33'),
(97, 82, 19, '2025-08-29', 'AC', '2025-08-02 16:03:33'),
(98, 14, 9, '2025-08-26', 'AC', '2025-08-02 16:03:33'),
(99, 23, 12, '2025-08-16', 'Sleeper', '2025-08-02 16:03:33'),
(100, 45, 9, '2025-08-24', 'First Class', '2025-08-02 16:03:33');

select * from Stations;
select * from Trains;
select * from Passengers;
select * from Tickets;
